ein,entity_id,vault_name,vault_url,profile_path,irs_filer_name,has_990_filings,filing_years,in_vault
460827839,ent_000139,AbbVie,https://thedonormap.org/Donors%20&%20Power%20Networks/Pharma%20&%20Healthcare/AbbVie,content/Donors & Power Networks/Pharma & Healthcare/AbbVie.md,AbbVie Foundation,true,2018|2019|2020|2021|2022|2023,true
136213516,ent_001508,ACLU Foundation,https://thedonormap.org/Donors%20&%20Power%20Networks/Dark%20Money/ACLU%20Foundation,content/Donors & Power Networks/Dark Money/ACLU Foundation.md,AMERICAN CIVIL LIBERTIES UNION,true,2021|2023,true
455097038,ent_000361,ActBlue,https://thedonormap.org/Donors%20&%20Power%20Networks/Dark%20Money/ActBlue,content/Donors & Power Networks/Dark Money/ActBlue.md,ActBlue Civics Inc,true,2020|2022|2023|2024,true
223769645,ent_000155,Adelson Family,https://thedonormap.org/Donors%20&%20Power%20Networks/Mega-Donors/Adelson%20Family,content/Donors & Power Networks/Mega-Donors/Adelson Family.md,ADELSON FAMILY FOUNDATION,true,2018|2019|2020|2022|2023|2024,true
251331251,ent_000240,AFGE - American Federation of Government Employees,https://thedonormap.org/Donors%20&%20Power%20Networks/Labor%20Unions/AFGE%20-%20American%20Federation%20of%20Government%20Employees,content/Donors & Power Networks/Labor Unions/AFGE - American Federation of Government Employees.md,,false,,true
746062811,ent_000241,AFL-CIO,https://thedonormap.org/Donors%20&%20Power%20Networks/Labor%20Unions/AFL-CIO,content/Donors & Power Networks/Labor Unions/AFL-CIO.md,MACHINISTS AFL-CIO,true,2021|2023,true
332579905,ent_000242,AFSCME - American Federation of State County and Municipal Employees,https://thedonormap.org/Donors%20&%20Power%20Networks/Labor%20Unions/AFSCME%20-%20American%20Federation%20of%20State%20County%20and%20Municipal%20Employees,content/Donors & Power Networks/Labor Unions/AFSCME - American Federation of State County and Municipal Employees.md,,false,,true
530217164,ent_000260,AIPAC - American Israel Public Affairs Committee,https://thedonormap.org/Donors%20&%20Power%20Networks/Israel%20Lobby/AIPAC%20-%20American%20Israel%20Public%20Affairs%20Committee,content/Donors & Power Networks/Israel Lobby/AIPAC - American Israel Public Affairs Committee.md,American Israel Public Affairs Committee,true,2018|2019|2020|2021|2022|2023|2024,true
833135259,ent_000288,Airbnb,https://thedonormap.org/Donors%20&%20Power%20Networks/Gig%20Economy/Airbnb,content/Donors & Power Networks/Gig Economy/Airbnb.md,AIRBNBORG INC,true,2020|2022|2023|2024,true
881770844,ent_000304,Alabama Power,https://thedonormap.org/Donors%20&%20Power%20Networks/Energy%20&%20Utilities/Alabama%20Power,content/Donors & Power Networks/Energy & Utilities/Alabama Power.md,,false,,true
541660459,ent_000364,Alliance Defending Freedom,https://thedonormap.org/Donors%20&%20Power%20Networks/Dark%20Money/Alliance%20Defending%20Freedom,content/Donors & Power Networks/Dark Money/Alliance Defending Freedom.md,Alliance Defending Freedom,true,2018|2019|2020|2021|2022|2023,true
830411414,ent_001484,Alpine Group,https://thedonormap.org/Lobbying%20Firms%20&%20K%20Street/Alpine%20Group,content/Lobbying Firms & K Street/Alpine Group.md,ALPINE WATERSHED GROUP,true,2018|2019|2020|2021|2022|2023|2024,true
873103053,ent_000040,Amazon,https://thedonormap.org/Donors%20&%20Power%20Networks/Tech%20&%20Crypto/Amazon,content/Donors & Power Networks/Tech & Crypto/Amazon.md,,false,,true
854202763,ent_000365,America First Policy Institute,https://thedonormap.org/Donors%20&%20Power%20Networks/Dark%20Money/America%20First%20Policy%20Institute,content/Donors & Power Networks/Dark Money/America First Policy Institute.md,AMERICA FIRST POLICY INSTITUTE INC,true,2022|2023,true
264568349,ent_000366,America Votes,https://thedonormap.org/Donors%20&%20Power%20Networks/Dark%20Money/America%20Votes,content/Donors & Power Networks/Dark Money/America Votes.md,AMERICA VOTES,true,2020|2021|2022|2023,true
270730508,ent_000367,American Action Network,https://thedonormap.org/Donors%20&%20Power%20Networks/Dark%20Money/American%20Action%20Network,content/Donors & Power Networks/Dark Money/American Action Network.md,American Action Network Inc,true,2021|2022|2023,true
341747398,ent_001514,American Endowment Foundation,https://thedonormap.org/Donors%20&%20Power%20Networks/Wall%20Street/American%20Endowment%20Foundation,content/Donors & Power Networks/Wall Street/American Endowment Foundation.md,AMERICAN ENDOWMENT FOUNDATION,true,2020|2022,true
530218495,ent_000368,American Enterprise Institute,https://thedonormap.org/Donors%20&%20Power%20Networks/Dark%20Money/American%20Enterprise%20Institute,content/Donors & Power Networks/Dark Money/American Enterprise Institute.md,AMERICAN ENTERPRISE INSTITUTE FOR PUBLIC,true,2019|2020|2021|2022|2023|2024,true
360725160,ent_000444,American Farm Bureau Federation,https://thedonormap.org/Donors%20&%20Power%20Networks/Agriculture/American%20Farm%20Bureau%20Federation,content/Donors & Power Networks/Agriculture/American Farm Bureau Federation.md,AMERICAN FARM BUREAU FEDERATION,true,2018|2019|2020|2021|2022|2023|2024,true
330627955,ent_000333,American Federation for Children,https://thedonormap.org/Donors%20&%20Power%20Networks/Education/American%20Federation%20for%20Children,content/Donors & Power Networks/Education/American Federation for Children.md,AMERICAN FEDERATION FOR CHILDREN INC,true,2018|2019|2020|2022|2023|2024,true
530115970,ent_000305,American Fuel and Petrochemical Manufacturers,https://thedonormap.org/Donors%20&%20Power%20Networks/Energy%20&%20Utilities/American%20Fuel%20and%20Petrochemical%20Manufacturers,content/Donors & Power Networks/Energy & Utilities/American Fuel and Petrochemical Manufacturers.md,AMERICAN FUEL AND PETROCHEMICAL,true,2019|2020|2022|2023,true
931169142,ent_000289,American Gaming Association,https://thedonormap.org/Donors%20&%20Power%20Networks/Gig%20Economy/American%20Gaming%20Association,content/Donors & Power Networks/Gig Economy/American Gaming Association.md,AMERICAN GAMING ASSOCIATION,true,2018|2019|2020|2022|2023|2024,true
131832448,ent_000341,American Iron and Steel Institute,https://thedonormap.org/Donors%20&%20Power%20Networks/Defense%20&%20Intelligence/American%20Iron%20and%20Steel%20Institute,content/Donors & Power Networks/Defense & Intelligence/American Iron and Steel Institute.md,AMERICAN IRON AND STEEL INSTITUTE,true,2018|2019|2020|2021|2022|2023,true
130433430,ent_000306,American Petroleum Institute,https://thedonormap.org/Donors%20&%20Power%20Networks/Energy%20&%20Utilities/American%20Petroleum%20Institute,content/Donors & Power Networks/Energy & Utilities/American Petroleum Institute.md,AMERICAN PETROLEUM INSTITUTE,true,2018|2019|2020|2022|2023|2024,true
753148958,ent_000082,Americans for Prosperity,https://thedonormap.org/Donors%20&%20Power%20Networks/Super%20PACs/Americans%20for%20Prosperity,content/Donors & Power Networks/Super PACs/Americans for Prosperity.md,AMERICANS FOR PROSPERITY,true,2018|2019|2020|2022|2023,true
352122763,ent_000275,Anthem - Elevance Health,https://thedonormap.org/Donors%20&%20Power%20Networks/Healthcare/Anthem%20-%20Elevance%20Health,content/Donors & Power Networks/Healthcare/Anthem - Elevance Health.md,Anthem Foundation INC,true,2018|2019|2020|2021|2022|2023|2024,true
920526891,ent_000041,Anthropic,https://thedonormap.org/Donors%20&%20Power%20Networks/Tech%20&%20Crypto/Anthropic,content/Donors & Power Networks/Tech & Crypto/Anthropic.md,,false,,true
815163032,ent_000005,Apollo Global Management,https://thedonormap.org/Donors%20&%20Power%20Networks/Wall%20Street/Apollo%20Global%20Management,content/Donors & Power Networks/Wall Street/Apollo Global Management.md,GLOBAL RESPONSE MANAGEMENT INC,true,2017|2018|2020|2022|2023|2024,true
870911755,ent_000042,Apple,https://thedonormap.org/Donors%20&%20Power%20Networks/Tech%20&%20Crypto/Apple,content/Donors & Power Networks/Tech & Crypto/Apple.md,THE APPLE ORCHARD,true,2021|2022|2023,true
276727955,ent_000432,Aramark,https://thedonormap.org/Donors%20&%20Power%20Networks/Carceral%20State/Aramark,content/Donors & Power Networks/Carceral State/Aramark.md,ARAMARK CORPORATION WELFARE BENEFITS,true,2018|2019|2020|2021|2022|2023|2024,true
393347513,ent_001492,Aspen Institute,https://thedonormap.org/Think%20Tanks%20&%20Policy%20Infrastructure/Centrist/Aspen%20Institute,content/Think Tanks & Policy Infrastructure/Centrist/Aspen Institute.md,,false,,true
593397155,ent_000225,AT&T,https://thedonormap.org/Donors%20&%20Power%20Networks/Media%20&%20Entertainment/AT&T%20-%20WarnerMedia,content/Donors & Power Networks/Media & Entertainment/AT&T - WarnerMedia.md,LEAGUE at AT&amp;T,true,2018|2019|2020|2022|2023,true
813729813,ent_001493,Atlantic Council,https://thedonormap.org/Think%20Tanks%20&%20Policy%20Infrastructure/Centrist/Atlantic%20Council,content/Think Tanks & Policy Infrastructure/Centrist/Atlantic Council.md,,false,,true
742624710,ent_000343,BAE Systems,https://thedonormap.org/Donors%20&%20Power%20Networks/Defense%20&%20Intelligence/BAE%20Systems,content/Donors & Power Networks/Defense & Intelligence/BAE Systems.md,BAE SYSTEMS WELFARE BENEFIT TRUST,true,2018|2019|2020|2022|2023|2024,true
200721133,ent_000006,Bank of America,https://thedonormap.org/Donors%20&%20Power%20Networks/Wall%20Street/Bank%20of%20America,content/Donors & Power Networks/Wall Street/Bank of America.md,THE BANK OF AMERICA CHARITABLE,true,2018|2020|2021|2022|2023|2024,true
046010342,ent_001527,Bank of America Charitable Gift Fund,https://thedonormap.org/Donors%20&%20Power%20Networks/Wall%20Street/Bank%20of%20America%20Charitable%20Gift%20Fund,content/Donors & Power Networks/Wall Street/Bank of America Charitable Gift Fund.md,,false,,true
363342443,ent_000157,Barre Seid,https://thedonormap.org/Donors%20&%20Power%20Networks/Mega-Donors/Barre%20Seid,content/Donors & Power Networks/Mega-Donors/Barre Seid.md,BARBARA AND BARRE SEID FOUNDATION,true,2018|2019|2020|2021|2022|2023|2024,true
581720888,ent_000159,Bernie Marcus,https://thedonormap.org/Donors%20&%20Power%20Networks/Mega-Donors/Bernie%20Marcus,content/Donors & Power Networks/Mega-Donors/Bernie Marcus.md,BILLI AND BERNIE MARCUS FOUNDATION INC,true,2018|2020|2021|2022|2023,true
731628382,ent_001494,Bipartisan Policy Center,https://thedonormap.org/Think%20Tanks%20&%20Policy%20Infrastructure/Centrist/Bipartisan%20Policy%20Center,content/Think Tanks & Policy Infrastructure/Centrist/Bipartisan Policy Center.md,BIPARTISAN POLICY CENTER INC,true,2018|2019|2020|2022|2023|2024,true
882750831,ent_000007,BlackRock,https://thedonormap.org/Donors%20&%20Power%20Networks/Wall%20Street/Blackrock,content/Donors & Power Networks/Wall Street/Blackrock.md,,false,,true
333183362,ent_000123,Blackstone Real Estate,https://thedonormap.org/Donors%20&%20Power%20Networks/Real%20Estate/Blackstone%20Real%20Estate,content/Donors & Power Networks/Real Estate/Blackstone Real Estate.md,,false,,true
135656874,ent_000276,Blue Cross Blue Shield Association,https://thedonormap.org/Donors%20&%20Power%20Networks/Healthcare/Blue%20Cross%20Blue%20Shield%20Association,content/Donors & Power Networks/Healthcare/Blue Cross Blue Shield Association.md,BLUE CROSS BLUE SHIELD ASSOCIATION,true,2018|2019|2020|2022|2023|2024,true
815086187,ent_001528,Blue Meridian Partners,https://thedonormap.org/Donors%20&%20Power%20Networks/Wall%20Street/Blue%20Meridian%20Partners,content/Donors & Power Networks/Wall Street/Blue Meridian Partners.md,,false,,true
942822302,ent_000277,Blue Shield of California,https://thedonormap.org/Donors%20&%20Power%20Networks/Healthcare/Blue%20Shield%20of%20California,content/Donors & Power Networks/Healthcare/Blue Shield of California.md,CALIFORNIA PHYSICIANS' SERVICE FDN,true,2018|2019|2020|2021|2022|2023|2024,true
916056255,ent_000346,Boeing,https://thedonormap.org/Donors%20&%20Power%20Networks/Defense%20&%20Intelligence/Boeing,content/Donors & Power Networks/Defense & Intelligence/Boeing.md,BOEING LEADERSHIP NETWORK,true,2020|2021|2022|2023,true
330771070,ent_000372,Bradley Foundation,https://thedonormap.org/Donors%20&%20Power%20Networks/Dark%20Money/Bradley%20Foundation,content/Donors & Power Networks/Dark Money/Bradley Foundation.md,THE BRADLEY FOUNDATION,true,2018|2019|2020|2021|2022|2023,true
454678325,ent_000373,Bradley Impact Fund,https://thedonormap.org/Donors%20&%20Power%20Networks/Dark%20Money/Bradley%20Impact%20Fund,content/Donors & Power Networks/Dark Money/Bradley Impact Fund.md,BRADLEY IMPACT FUND INC,true,2018|2019|2020|2022|2023|2024,true
237321017,ent_000374,Brady Campaign,https://thedonormap.org/Donors%20&%20Power%20Networks/Dark%20Money/Brady%20Campaign,content/Donors & Power Networks/Dark Money/Brady Campaign.md,BRADY CAMPAIGN TO PREVENT GUN VIOLENCE,true,2018|2019|2020|2021|2022|2023,true
133839293,ent_001503,Brennan Center for Justice,https://thedonormap.org/Think%20Tanks%20&%20Policy%20Infrastructure/Liberal/Brennan%20Center%20for%20Justice,content/Think Tanks & Policy Infrastructure/Liberal/Brennan Center for Justice.md,WILLIAM J BRENNAN CENTER FOR,true,2019|2020|2021|2022|2023|2024,true
630922835,ent_000375,Business Council of Alabama,https://thedonormap.org/Donors%20&%20Power%20Networks/Dark%20Money/Business%20Council%20of%20Alabama,content/Donors & Power Networks/Dark Money/Business Council of Alabama.md,BUSINESS COUNCIL OF ALABAMA,true,2018|2019|2020|2021|2022|2023,true
237236607,ent_000376,Business Roundtable,https://thedonormap.org/Donors%20&%20Power%20Networks/Dark%20Money/Business%20Roundtable,content/Donors & Power Networks/Dark Money/Business Roundtable.md,THE BUSINESS ROUNDTABLE INC,true,2016|2018|2019|2020|2022|2023|2024,true
912158769,ent_000445,CA Farm Bureau Federation,https://thedonormap.org/Donors%20&%20Power%20Networks/Agriculture/CA%20Farm%20Bureau%20Federation,content/Donors & Power Networks/Agriculture/CA Farm Bureau Federation.md,,false,,true
950944360,ent_000120,California Apartment Association,https://thedonormap.org/Donors%20&%20Power%20Networks/Real%20Estate%20&%20Housing/California%20Apartment%20Association,content/Donors & Power Networks/Real Estate & Housing/California Apartment Association.md,APARTMENT ASSOCIATION,true,2018|2019|2020|2021|2022|2023|2024,true
510465703,ent_000334,California Charter Schools Association,https://thedonormap.org/Donors%20&%20Power%20Networks/Education/California%20Charter%20Schools%20Association,content/Donors & Power Networks/Education/California Charter Schools Association.md,CALIFORNIA CHARTER SCHOOLS ASSOCIATION,true,2018|2019|2020|2021|2022|2023,true
940357610,ent_000446,California Farm Bureau Federation,https://thedonormap.org/Donors%20&%20Power%20Networks/Agriculture/California%20Farm%20Bureau%20Federation,content/Donors & Power Networks/Agriculture/California Farm Bureau Federation.md,CALIFORNIA FARM BUREAU FEDERATION,true,2018|2019|2020|2021|2022|2023|2024,true
940362030,ent_000244,California Labor Federation,https://thedonormap.org/Donors%20&%20Power%20Networks/Labor%20Unions/California%20Labor%20Federation,content/Donors & Power Networks/Labor Unions/California Labor Federation.md,California Labor Federation AFL-CIO,true,2018|2019|2020|2022|2023,true
940362060,ent_000245,California Nurses Association,https://thedonormap.org/Donors%20&%20Power%20Networks/Labor%20Unions/California%20Nurses%20Association,content/Donors & Power Networks/Labor Unions/California Nurses Association.md,CALIFORNIA NURSES ASSOCIATION,true,2018|2019|2020|2021|2022|2023,true
951241045,ent_000116,California Restaurant Association,https://thedonormap.org/Donors%20&%20Power%20Networks/Restaurant%20&%20Food/California%20Restaurant%20Association,content/Donors & Power Networks/Restaurant & Food/California Restaurant Association.md,CALIFORNIA RESTAURANT ASSOCIATION,true,2018|2019|2020|2022|2023|2024,true
416020221,ent_000447,Cargill,https://thedonormap.org/Donors%20&%20Power%20Networks/Agriculture/Cargill,content/Donors & Power Networks/Agriculture/Cargill.md,CARGILL FOUNDATION,true,2020|2021|2022|2023|2024,true
850703768,ent_000012,Carlyle Group,https://thedonormap.org/Donors%20&%20Power%20Networks/Wall%20Street/Carlyle%20Group,content/Donors & Power Networks/Wall Street/Carlyle Group.md,Carle West Physician Group Inc,true,2020|2022|2023,true
237432162,ent_001498,Cato Institute,https://thedonormap.org/Think%20Tanks%20&%20Policy%20Infrastructure/Conservative/Cato%20Institute,content/Think Tanks & Policy Infrastructure/Conservative/Cato Institute.md,CATO INSTITUTE,true,2019|2020|2021|2022|2023|2024|2025,true
541871872,ent_000125,CBRE Group,https://thedonormap.org/Donors%20&%20Power%20Networks/Real%20Estate/CBRE%20Group,content/Donors & Power Networks/Real Estate/CBRE Group.md,CBRNE INDUSTRY GROUP,true,2018|2019|2020|2021|2023|2024|2025,true
941490964,ent_000434,CCPOA - California Correctional Peace Officers Association,https://thedonormap.org/Donors%20&%20Power%20Networks/Carceral%20State/CCPOA%20-%20California%20Correctional%20Peace%20Officers%20Association,content/Donors & Power Networks/Carceral State/CCPOA - California Correctional Peace Officers Association.md,CALIFORNIA CORRECTIONAL PEACE OFFICERS,true,2018|2019|2020|2021|2022|2023|2024|2025,true
851888769,ent_000141,Centene Corporation,https://thedonormap.org/Donors%20&%20Power%20Networks/Pharma%20&%20Healthcare/Centene%20Corporation,content/Donors & Power Networks/Pharma & Healthcare/Centene Corporation.md,Medhealth Center Corporation,true,2020|2021|2022|2023|2024,true
300126510,ent_000377,Center for American Progress,https://thedonormap.org/Donors%20&%20Power%20Networks/Dark%20Money/Center%20for%20American%20Progress,content/Donors & Power Networks/Dark Money/Center for American Progress.md,CENTER FOR AMERICAN PROGRESS,true,2018|2019|2020|2022|2023|2024,true
453813436,ent_001530,Center for Popular Democracy,https://thedonormap.org/Donors%20&%20Power%20Networks/Dark%20Money/Center%20for%20Popular%20Democracy,content/Donors & Power Networks/Dark Money/Center for Popular Democracy.md,,false,,true
480918408,ent_000165,Charles Koch,https://thedonormap.org/Donors%20&%20Power%20Networks/Mega-Donors/Charles%20Koch,content/Donors & Power Networks/Mega-Donors/Charles Koch.md,Charles Koch Foundation,true,2018|2019|2020|2022|2023|2024,true
943192615,ent_000013,Charles Schwab,https://thedonormap.org/Donors%20&%20Power%20Networks/Wall%20Street/Charles%20Schwab,content/Donors & Power Networks/Wall Street/Charles Schwab.md,CHARLES SCHWAB FOUNDATION,true,2018|2019|2020|2022|2023,true
510189525,ent_000307,Chevron,https://thedonormap.org/Donors%20&%20Power%20Networks/Energy%20&%20Utilities/Chevron,content/Donors & Power Networks/Energy & Utilities/Chevron.md,CHEVRON RETIREES ASSOCIATION,true,2020|2021|2022|2023,true
112894655,ent_000046,Chris Larsen,https://thedonormap.org/Donors%20&%20Power%20Networks/Tech%20&%20Crypto/Chris%20Larsen,content/Donors & Power Networks/Tech & Crypto/Chris Larsen.md,,false,,true
806098935,ent_000015,Citigroup,https://thedonormap.org/Donors%20&%20Power%20Networks/Wall%20Street/Citigroup,content/Donors & Power Networks/Wall Street/Citigroup.md,CHILANT AND MANSFIELD SPRAGUE HERBERT,true,2018|2020|2021|2022|2023,true
262303250,ent_001523,ClimateWorks Foundation,https://thedonormap.org/Donors%20&%20Power%20Networks/Dark%20Money/ClimateWorks%20Foundation,content/Donors & Power Networks/Dark Money/ClimateWorks Foundation.md,,false,,true
204681603,ent_000083,Club for Growth,https://thedonormap.org/Donors%20&%20Power%20Networks/Super%20PACs/Club%20for%20Growth,content/Donors & Power Networks/Super PACs/Club for Growth.md,CLUB FOR GROWTH,true,2020|2021|2022|2023|2024,true
882408684,ent_001515,Co Impact Philanthropic Funds,https://thedonormap.org/Donors%20&%20Power%20Networks/Wall%20Street/Co%20Impact%20Philanthropic%20Funds,content/Donors & Power Networks/Wall Street/Co Impact Philanthropic Funds.md,CO-IMPACT PHILANTHROPIC FUNDS INC,true,2022,true
510390132,ent_000227,Comcast - NBCUniversal,https://thedonormap.org/Donors%20&%20Power%20Networks/Media%20&%20Entertainment/Comcast%20-%20NBCUniversal,content/Donors & Power Networks/Media & Entertainment/Comcast - NBCUniversal.md,The Comcast NBCUniversal Foundation,true,2020|2021|2022|2023|2024,true
853318501,ent_000379,Concerned Veterans for America,https://thedonormap.org/Donors%20&%20Power%20Networks/Dark%20Money/Concerned%20Veterans%20for%20America,content/Donors & Power Networks/Dark Money/Concerned Veterans for America.md,,false,,true
852656340,ent_000084,Congressional Leadership Fund,https://thedonormap.org/Donors%20&%20Power%20Networks/Super%20PACs/Congressional%20Leadership%20Fund,content/Donors & Power Networks/Super PACs/Congressional Leadership Fund.md,American Leadership Fund Inc,true,2021|2022|2023|2024,true
202555951,ent_000308,ConocoPhillips,https://thedonormap.org/Donors%20&%20Power%20Networks/Energy%20&%20Utilities/ConocoPhillips,content/Donors & Power Networks/Energy & Utilities/ConocoPhillips.md,The Conoco and Phillips Petroleum Heritage Museums,true,2020|2021|2022|2023|2024,true
821470217,ent_000380,Conservative Partnership Institute,https://thedonormap.org/Donors%20&%20Power%20Networks/Dark%20Money/Conservative%20Partnership%20Institute,content/Donors & Power Networks/Dark Money/Conservative Partnership Institute.md,Conservative Partnership Institute,true,2019|2020|2022|2023|2024,true
261658339,ent_000309,Consumer Energy Alliance,https://thedonormap.org/Donors%20&%20Power%20Networks/Energy%20&%20Utilities/Consumer%20Energy%20Alliance,content/Donors & Power Networks/Energy & Utilities/Consumer Energy Alliance.md,CONSUMER ENERGY ALLIANCE INC,true,2018|2019|2020|2021|2022|2023|2024,true
823851866,ent_000436,CoreCivic,https://thedonormap.org/Donors%20&%20Power%20Networks/Carceral%20State/CoreCivic,content/Donors & Power Networks/Carceral State/CoreCivic.md,CORECIVIC FOUNDATION THE,true,2020|2021|2022|2023|2024|2025,true
474543845,ent_000435,CoreCivic - Private Prisons,https://thedonormap.org/Donors%20&%20Power%20Networks/Carceral%20State/CoreCivic%20-%20Private%20Prisons,content/Donors & Power Networks/Carceral State/CoreCivic - Private Prisons.md,Abolish Private Prisons,true,2019|2020|2021|2022|2023,true
720921017,ent_000381,Council for National Policy,https://thedonormap.org/Donors%20&%20Power%20Networks/Dark%20Money/Council%20for%20National%20Policy,content/Donors & Power Networks/Dark Money/Council for National Policy.md,COUNCIL FOR NATIONAL POLICY,true,2018|2019|2020|2022|2023,true
131628168,ent_001495,Council on Foreign Relations,https://thedonormap.org/Think%20Tanks%20&%20Policy%20Infrastructure/Centrist/Council%20on%20Foreign%20Relations,content/Think Tanks & Policy Infrastructure/Centrist/Council on Foreign Relations.md,COUNCIL ON FOREIGN RELATIONS INC,true,2019|2020|2021|2022|2023|2024,true
942552809,ent_000335,CTA - California Teachers Association,https://thedonormap.org/Donors%20&%20Power%20Networks/Education/CTA%20-%20California%20Teachers%20Association,content/Donors & Power Networks/Education/CTA - California Teachers Association.md,CTA OF BERRYESSA,true,2018|2019|2020|2021|2022|2023|2024|2025,true
746417564,ent_001491,David Sacks - Donor Network,https://thedonormap.org/Politicians/Republicans/Trump%20Cabinet/David%20Sacks/David%20Sacks%20-%20Donor%20Network,content/Politicians/Republicans/Trump Cabinet/David Sacks/David Sacks - Donor Network.md,DAVID AND BETTY SACKS FOUNDATION TRUST,true,2018|2020|2021|2022|2023|2024,true
863689961,ent_000385,Demand Justice,https://thedonormap.org/Donors%20&%20Power%20Networks/Dark%20Money/Demand%20Justice,content/Donors & Power Networks/Dark Money/Demand Justice.md,DEMAND JUSTICE,true,2022|2023|2024,true
204366413,ent_000386,Democracy Alliance,https://thedonormap.org/Donors%20&%20Power%20Networks/Dark%20Money/Democracy%20Alliance,content/Donors & Power Networks/Dark Money/Democracy Alliance.md,COLORADO DEMOCRACY ALLIANCE,true,2022|2023,true
943062436,ent_000387,Democratic Donor Network,https://thedonormap.org/Donors%20&%20Power%20Networks/Dark%20Money/Democratic%20Donor%20Network,content/Donors & Power Networks/Dark Money/Democratic Donor Network.md,DONOR NETWORK WEST,true,2018|2019|2020|2021|2022|2023|2024,true
274862860,ent_000085,Democratic Governors Association,https://thedonormap.org/Donors%20&%20Power%20Networks/Super%20PACs/Democratic%20Governors%20Association,content/Donors & Power Networks/Super PACs/Democratic Governors Association.md,MIDWESTERN GOVERNORS ASSOCIATION,true,2018|2019|2020|2022|2023|2024,true
365040938,ent_000310,Devon Energy,https://thedonormap.org/Donors%20&%20Power%20Networks/Energy%20&%20Utilities/Devon%20Energy,content/Donors & Power Networks/Energy & Utilities/Devon Energy.md,Devon Energy Charitable Foundation,true,2022|2023,true
861509286,ent_000336,DeVos Family,https://thedonormap.org/Donors%20&%20Power%20Networks/Education/DeVos%20Family,content/Donors & Power Networks/Education/DeVos Family.md,DEVOS FAMILY FOUNDATION,true,2022|2023|2024,true
833298146,ent_000263,DMFI - Democratic Majority for Israel,https://thedonormap.org/Donors%20&%20Power%20Networks/Israel%20Lobby/DMFI%20-%20Democratic%20Majority%20for%20Israel,content/Donors & Power Networks/Israel Lobby/DMFI - Democratic Majority for Israel.md,DEMOCRATIC MAJORITY FOR ISRAEL,true,2019|2020|2022|2023|2024,true
541934032,ent_000390,Donors Capital Fund,https://thedonormap.org/Donors%20&%20Power%20Networks/Dark%20Money/Donors%20Capital%20Fund,content/Donors & Power Networks/Dark Money/Donors Capital Fund.md,Donors Capital Fund Inc,true,2020|2022|2023,true
473233646,ent_000087,DonorsTrust,https://thedonormap.org/Donors%20&%20Power%20Networks/Super%20PACs/DonorsTrust,content/Donors & Power Networks/Super PACs/DonorsTrust.md,DONORSRUS INC,true,2018,true
412064833,ent_000311,Drummond Co.,https://thedonormap.org/Donors%20&%20Power%20Networks/Energy%20&%20Utilities/Drummond%20Co,content/Donors & Power Networks/Energy & Utilities/Drummond Co.md,,false,,true
581586283,ent_000312,Duke Energy,https://thedonormap.org/Donors%20&%20Power%20Networks/Energy%20&%20Utilities/Duke%20Energy,content/Donors & Power Networks/Energy & Utilities/Duke Energy.md,DUKE ENERGY FOUNDATION,true,2020|2022|2023,true
521368964,ent_001504,Economic Policy Institute,https://thedonormap.org/Think%20Tanks%20&%20Policy%20Infrastructure/Liberal/Economic%20Policy%20Institute,content/Think Tanks & Policy Infrastructure/Liberal/Economic Policy Institute.md,ECONOMIC POLICY INSTITUTE,true,2018|2019|2020|2022|2023|2024,true
954686318,ent_000337,Eli Broad Foundation,https://thedonormap.org/Donors%20&%20Power%20Networks/Education/Eli%20Broad%20Foundation,content/Donors & Power Networks/Education/Eli Broad Foundation.md,THE ELI AND EDYTHE BROAD FOUNDATION,true,2018|2019|2020|2022|2023|2024,true
356202479,ent_000142,Eli Lilly,https://thedonormap.org/Donors%20&%20Power%20Networks/Pharma%20&%20Healthcare/Eli%20Lilly,content/Donors & Power Networks/Pharma & Healthcare/Eli Lilly.md,ELI LILLY AND COMPANY FOUNDATION,true,2020|2022|2023|2024,true
461067490,ent_000090,Emilys List,https://thedonormap.org/Donors%20&%20Power%20Networks/Super%20PACs/Emilys%20List,content/Donors & Power Networks/Super PACs/Emilys List.md,AMERICAN WOMEN,true,2020|2021|2022|2023|2024,true
363866530,ent_000392,Environmental Law & Policy Center,https://thedonormap.org/Donors%20&%20Power%20Networks/Dark%20Money/Environmental%20Law%20&%20Policy%20Center,content/Donors & Power Networks/Dark Money/Environmental Law & Policy Center.md,Environmental Law and Policy Center of,true,2018|2019|2020|2021|2022|2023,true
631135091,ent_001531,Equal Justice Initiative,https://thedonormap.org/Donors%20&%20Power%20Networks/Dark%20Money/Equal%20Justice%20Initiative,content/Donors & Power Networks/Dark Money/Equal Justice Initiative.md,,false,,true
237155170,ent_000051,Eric Schmidt,https://thedonormap.org/Donors%20&%20Power%20Networks/Tech%20&%20Crypto/Eric%20Schmidt,content/Donors & Power Networks/Tech & Crypto/Eric Schmidt.md,,false,,true
300451687,ent_000314,Ethanol Industry,https://thedonormap.org/Donors%20&%20Power%20Networks/Energy%20&%20Utilities/Ethanol%20Industry,content/Donors & Power Networks/Energy & Utilities/Ethanol Industry.md,NEBRASKA ETHANOL INDUSTRY COALITION,true,2018|2019|2020,true
208802884,ent_000171,Everytown for Gun Safety,https://thedonormap.org/Donors%20&%20Power%20Networks/Mega-Donors/Everytown%20for%20Gun%20Safety,content/Donors & Power Networks/Mega-Donors/Everytown for Gun Safety.md,EVERYTOWN FOR GUN SAFETY ACTION FUND,true,2019|2020|2022|2023,true
136082357,ent_000315,ExxonMobil,https://thedonormap.org/Donors%20&%20Power%20Networks/Energy%20&%20Utilities/ExxonMobil,content/Donors & Power Networks/Energy & Utilities/ExxonMobil.md,EXXONMOBIL FOUNDATION,true,2020|2021|2022|2023|2024,true
815109948,ent_000393,Federalist Society,https://thedonormap.org/Donors%20&%20Power%20Networks/Dark%20Money/Federalist%20Society,content/Donors & Power Networks/Dark Money/Federalist Society.md,,false,,true
830791921,ent_001513,FF PAC,https://thedonormap.org/Donors%20&%20Power%20Networks/Super%20PACs/FF%20PAC,content/Donors & Power Networks/Super PACs/FF PAC.md,,false,,true
110303001,ent_000017,Fidelity Investments,https://thedonormap.org/Donors%20&%20Power%20Networks/Wall%20Street/Fidelity%20Investments,content/Donors & Power Networks/Wall Street/Fidelity Investments.md,FIDELITY INVESTMENTS CHARITABLE GIFT FUND,true,2018|2019|2020|2021|2022|2023,true
520852291,ent_001485,Fierce Government Relations,https://thedonormap.org/Lobbying%20Firms%20&%20K%20Street/Fierce%20Government%20Relations,content/Lobbying Firms & K Street/Fierce Government Relations.md,BUSINESS-GOVERNMENT RELATIONS COUNCIL,true,2018|2019|2020|2021|2022|2023|2024,true
394827006,ent_000291,Flex Association,https://thedonormap.org/Donors%20&%20Power%20Networks/Gig%20Economy/Flex%20Association,content/Donors & Power Networks/Gig Economy/Flex Association.md,,false,,true
386054714,ent_000292,Ford Motor Company,https://thedonormap.org/Donors%20&%20Power%20Networks/Gig%20Economy/Ford%20Motor%20Company,content/Donors & Power Networks/Gig Economy/Ford Motor Company.md,,false,,true
863992946,ent_000053,Founders Fund,https://thedonormap.org/Donors%20&%20Power%20Networks/Tech%20&%20Crypto/Founders%20Fund,content/Donors & Power Networks/Tech & Crypto/Founders Fund.md,MICHIGAN FOUNDERS FUND,true,2022|2023,true
933414548,ent_000236,Fraternal Order of Police,https://thedonormap.org/Donors%20&%20Power%20Networks/Law%20Enforcement/Fraternal%20Order%20of%20Police,content/Donors & Power Networks/Law Enforcement/Fraternal Order of Police.md,,false,,true
824170762,ent_000092,Future Forward USA Action,https://thedonormap.org/Donors%20&%20Power%20Networks/Super%20PACs/Future%20Forward%20USA%20Action,content/Donors & Power Networks/Super PACs/Future Forward USA Action.md,Future Forward USA Action,true,2018|2019|2021|2022|2023|2024,true
562618866,ent_000172,Gates Foundation,https://thedonormap.org/Donors%20&%20Power%20Networks/Mega-Donors/Gates%20Foundation,content/Donors & Power Networks/Mega-Donors/Gates Foundation.md,BILL &amp; MELINDA GATES FOUNDATION,true,2017|2018|2019|2020|2022|2023|2024,true
382421395,ent_000352,General Dynamics,https://thedonormap.org/Donors%20&%20Power%20Networks/Defense%20&%20Intelligence/General%20Dynamics,content/Donors & Power Networks/Defense & Intelligence/General Dynamics.md,,false,,true
383569669,ent_000293,General Motors,https://thedonormap.org/Donors%20&%20Power%20Networks/Gig%20Economy/General%20Motors,content/Donors & Power Networks/Gig Economy/General Motors.md,CLUB GENERAL MOTORS,true,2018|2019|2022|2023|2024,true
830650656,ent_000173,George Soros,https://thedonormap.org/Donors%20&%20Power%20Networks/Mega-Donors/George%20Soros,content/Donors & Power Networks/Mega-Donors/George Soros.md,GEORGE SOROS LITERARY FOUNDATION,true,2018|2019|2020|2021|2022|2023,true
201042419,ent_000143,Gilead Sciences,https://thedonormap.org/Donors%20&%20Power%20Networks/Pharma%20&%20Healthcare/Gilead%20Sciences,content/Donors & Power Networks/Pharma & Healthcare/Gilead Sciences.md,GILEAD FOUNDATION,true,2019|2020|2021|2022|2023,true
311678646,ent_000020,Goldman Sachs,https://thedonormap.org/Donors%20&%20Power%20Networks/Wall%20Street/Goldman%20Sachs,content/Donors & Power Networks/Wall Street/Goldman Sachs.md,THE GOLDMAN SACHS FOUNDATION,true,2019|2020|2022|2023|2024,true
311774905,ent_001516,Goldman Sachs Philanthropy Fund,https://thedonormap.org/Donors%20&%20Power%20Networks/Wall%20Street/Goldman%20Sachs%20Philanthropy%20Fund,content/Donors & Power Networks/Wall Street/Goldman Sachs Philanthropy Fund.md,Goldman Sachs Philanthropy Fund,true,2020|2022,true
200849590,ent_001517,Greater Horizons,https://thedonormap.org/Donors%20&%20Power%20Networks/Wall%20Street/Greater%20Horizons,content/Donors & Power Networks/Wall Street/Greater Horizons.md,GREATER HORIZONS,true,2020|2022,true
521256643,ent_000399,Gun Owners of America,https://thedonormap.org/Donors%20&%20Power%20Networks/Dark%20Money/Gun%20Owners%20of%20America,content/Donors & Power Networks/Dark Money/Gun Owners of America.md,GUN OWNERS OF AMERICA INC,true,2018|2019|2020|2022|2023|2024,true
306473477,ent_000264,Haim Saban,https://thedonormap.org/Donors%20&%20Power%20Networks/Israel%20Lobby/Haim%20Saban,content/Donors & Power Networks/Israel Lobby/Haim Saban.md,,false,,true
262383244,ent_000317,Halliburton,https://thedonormap.org/Donors%20&%20Power%20Networks/Energy%20&%20Utilities/Halliburton,content/Donors & Power Networks/Energy & Utilities/Halliburton.md,Halliburton Charitable Foundation,true,2020|2022|2023|2024,true
752805870,ent_000175,Harlan Crow,https://thedonormap.org/Donors%20&%20Power%20Networks/Mega-Donors/Harlan%20Crow,content/Donors & Power Networks/Mega-Donors/Harlan Crow.md,HARLAN R CROW FOUNDATION INC,true,2019|2020|2021|2022|2023,true
461256191,ent_000176,Harold Hamm,https://thedonormap.org/Donors%20&%20Power%20Networks/Mega-Donors/Harold%20Hamm,content/Donors & Power Networks/Mega-Donors/Harold Hamm.md,The Harold Hamm Foundation,true,2021|2022|2023|2024|2025,true
990230697,ent_000318,Hawaiian Electric Company,https://thedonormap.org/Donors%20&%20Power%20Networks/Energy%20&%20Utilities/Hawaiian%20Electric%20Company,content/Donors & Power Networks/Energy & Utilities/Hawaiian Electric Company.md,Hawaiian Electric Industries Charitable,true,2020|2022|2023|2024,true
363309812,ent_001499,Heartland Institute,https://thedonormap.org/Think%20Tanks%20&%20Policy%20Infrastructure/Conservative/Heartland%20Institute,content/Think Tanks & Policy Infrastructure/Conservative/Heartland Institute.md,THE HEARTLAND INSTITUTE,true,2020|2021|2022|2023|2024,true
237327730,ent_000402,Heritage Foundation,https://thedonormap.org/Donors%20&%20Power%20Networks/Dark%20Money/Heritage%20Foundation,content/Donors & Power Networks/Dark Money/Heritage Foundation.md,THE HERITAGE FOUNDATION,true,2018|2019|2020|2021|2022|2023|2024,true
311472972,ent_001486,Holland & Knight,https://thedonormap.org/Lobbying%20Firms%20&%20K%20Street/Holland%20&%20Knight,content/Lobbying Firms & K Street/Holland & Knight.md,HOLLAND &amp; KNIGHT CHARITABLE,true,2019|2020|2022|2023,true
473681860,ent_001509,Hopewell Fund,https://thedonormap.org/Donors%20&%20Power%20Networks/Dark%20Money/Hopewell%20Fund,content/Donors & Power Networks/Dark Money/Hopewell Fund.md,HOPEWELL FUND,true,2020|2022,true
994082114,ent_000396,House Freedom Caucus,https://thedonormap.org/Donors%20&%20Power%20Networks/Dark%20Money/Freedom%20Caucus,content/Donors & Power Networks/Dark Money/Freedom Caucus.md,Freedom Caucus Foundation,true,2024,true
131945157,ent_001500,Hudson Institute,https://thedonormap.org/Think%20Tanks%20&%20Policy%20Infrastructure/Conservative/Hudson%20Institute,content/Think Tanks & Policy Infrastructure/Conservative/Hudson Institute.md,HUDSON INSTITUTE INC,true,2018|2019|2020|2021|2022|2023|2024,true
800487553,ent_000282,Humana,https://thedonormap.org/Donors%20&%20Power%20Networks/Healthcare/Humana,content/Donors & Power Networks/Healthcare/Humana.md,,false,,true
611602482,ent_000247,IBEW - International Brotherhood of Electrical Workers,https://thedonormap.org/Donors%20&%20Power%20Networks/Labor%20Unions/IBEW%20-%20International%20Brotherhood%20of%20Electrical%20Workers,content/Donors & Power Networks/Labor Unions/IBEW - International Brotherhood of Electrical Workers.md,,false,,true
940362021,ent_000248,IBEW California State Association,https://thedonormap.org/Donors%20&%20Power%20Networks/Labor%20Unions/IBEW%20California%20State%20Association,content/Donors & Power Networks/Labor Unions/IBEW California State Association.md,CALIFORNIA STATE EMPLOYEES ASSOCIATION,true,2018|2019|2020|2022|2023|2024,true
812607816,ent_000250,IBEW Local 477 - San Bernardino,https://thedonormap.org/Donors%20&%20Power%20Networks/Labor%20Unions/IBEW%20Local%20477%20-%20San%20Bernardino,content/Donors & Power Networks/Labor Unions/IBEW Local 477 - San Bernardino.md,SAN BERNARDINO FATHERHOOD,true,2021|2022|2023,true
884013706,ent_000095,Illinois Future PAC,https://thedonormap.org/Donors%20&%20Power%20Networks/Super%20PACs/Illinois%20Future%20PAC,content/Donors & Power Networks/Super PACs/Illinois Future PAC.md,,false,,true
262048480,ent_001518,ImpactAssets,https://thedonormap.org/Donors%20&%20Power%20Networks/Wall%20Street/ImpactAssets,content/Donors & Power Networks/Wall Street/ImpactAssets.md,IMPACTASSETSINC,true,2020|2022,true
852619691,ent_001505,InfluenceMap,https://thedonormap.org/Think%20Tanks%20&%20Policy%20Infrastructure/Liberal/InfluenceMap,content/Think Tanks & Policy Infrastructure/Liberal/InfluenceMap.md,INFLUENCEMAP INC,true,2021|2023|2024|2025,true
201240972,ent_000284,Insurance Industry,https://thedonormap.org/Donors%20&%20Power%20Networks/Healthcare/Insurance%20Industry,content/Donors & Power Networks/Healthcare/Insurance Industry.md,INSURANCE INDUSTRY CHARITABLE,true,2018|2019|2020|2021|2022|2023,true
530227813,ent_000237,International Association of Chiefs of Police,https://thedonormap.org/Donors%20&%20Power%20Networks/Law%20Enforcement/International%20Association%20of%20Chiefs%20of%20Police,content/Donors & Power Networks/Law Enforcement/International Association of Chiefs of Police.md,INTERNATIONAL ASSOCIATION OF CHIEFS OF,true,2018|2019|2020|2021|2022|2023|2024,true
261507828,ent_000265,J Street,https://thedonormap.org/Donors%20&%20Power%20Networks/Israel%20Lobby/J%20Street,content/Donors & Power Networks/Israel Lobby/J Street.md,J STREET,true,2018|2019|2020|2022|2023|2024,true
300039820,ent_001490,JB Pritzker - Donor Network,https://thedonormap.org/Politicians/Democrats/Governors/JB%20Pritzker/JB%20Pritzker%20-%20Donor%20Network,content/Politicians/Democrats/Governors/JB Pritzker/JB Pritzker - Donor Network.md,PRITZKER FAMILY FOUNDATION,true,2020|2022|2023,true
510647928,ent_000266,JCRC Bay Area,https://thedonormap.org/Donors%20&%20Power%20Networks/Israel%20Lobby/JCRC%20Bay%20Area,content/Donors & Power Networks/Israel Lobby/JCRC Bay Area.md,Bay Area Young Survivors,true,2018|2019|2020|2021|2022|2023|2024,true
954513461,ent_000180,Jeffrey Katzenberg,https://thedonormap.org/Donors%20&%20Power%20Networks/Mega-Donors/Jeffrey%20Katzenberg,content/Donors & Power Networks/Mega-Donors/Jeffrey Katzenberg.md,THE MARILYN AND JEFFREY KATZENBERG,true,2018|2019|2020|2022|2023|2024,true
821919054,ent_000267,Jewish Democratic Council of America,https://thedonormap.org/Donors%20&%20Power%20Networks/Israel%20Lobby/Jewish%20Democratic%20Council%20of%20America,content/Donors & Power Networks/Israel Lobby/Jewish Democratic Council of America.md,JEWISH DEMOCRATIC COUNCIL OF AMERICA,true,2018|2019|2020|2022|2023,true
366051024,ent_000449,John Deere,https://thedonormap.org/Donors%20&%20Power%20Networks/Agriculture/John%20Deere,content/Donors & Power Networks/Agriculture/John Deere.md,John Deere Foundation,true,2020|2021|2022|2023|2024,true
760552018,ent_000144,Johnson & Johnson,https://thedonormap.org/Donors%20&%20Power%20Networks/Pharma%20&%20Healthcare/Johnson%20&%20Johnson,content/Donors & Power Networks/Pharma & Healthcare/Johnson & Johnson.md,JOHNSON &amp; JOHNSON ACTIVITIES INC,true,2020|2021|2022|2023|2024,true
680028695,ent_000268,JPAC - Jewish Public Affairs Committee of California,https://thedonormap.org/Donors%20&%20Power%20Networks/Israel%20Lobby/JPAC%20-%20Jewish%20Public%20Affairs%20Committee%20of%20California,content/Donors & Power Networks/Israel Lobby/JPAC - Jewish Public Affairs Committee of California.md,JEWISH PUBLIC AFFAIRS COMMITTEE OF,true,2018|2019|2020|2021|2022|2023|2024,true
237049738,ent_000022,JPMorgan Chase,https://thedonormap.org/Donors%20&%20Power%20Networks/Wall%20Street/JPMorgan,content/Donors & Power Networks/Wall Street/JPMorgan.md,JPMORGAN CHASE FOUNDATION,true,2018|2019|2020|2021|2022|2023|2024,true
387169824,ent_001487,K&L Gates,https://thedonormap.org/Lobbying%20Firms%20&%20K%20Street/K&L%20Gates,content/Lobbying Firms & K Street/K&L Gates.md,K&amp;L GATES LLP VOLUNTARY EMPLOYEES BENEFICIARY ASSOCIATION,true,2020|2021|2022|2023|2024,true
943382057,ent_000285,Kaiser Permanente,https://thedonormap.org/Donors%20&%20Power%20Networks/Healthcare/Kaiser%20Permanente,content/Donors & Power Networks/Healthcare/Kaiser Permanente.md,KAISER PERMANENTE LABOR MANAGEMENT,true,2018|2019|2020|2022|2023|2024,true
367285069,ent_000183,Kelcy Warren,https://thedonormap.org/Donors%20&%20Power%20Networks/Mega-Donors/Kelcy%20Warren,content/Donors & Power Networks/Mega-Donors/Kelcy Warren.md,,false,,true
816166962,ent_000184,Ken Griffin,https://thedonormap.org/Donors%20&%20Power%20Networks/Mega-Donors/Ken%20Griffin,content/Donors & Power Networks/Mega-Donors/Ken Griffin.md,PHICAS FOUNDATION TRUST,true,2018|2019|2020|2022|2023|2024,true
362167797,ent_000185,Kenneth Griffin,https://thedonormap.org/Donors%20&%20Power%20Networks/Mega-Donors/Kenneth%20Griffin,content/Donors & Power Networks/Mega-Donors/Kenneth Griffin.md,Museum of Science and Industry,true,2018|2019|2020|2022|2023|2024,true
480834445,ent_000319,Koch Industries,https://thedonormap.org/Donors%20&%20Power%20Networks/Energy%20&%20Utilities/Koch%20Industries,content/Donors & Power Networks/Energy & Utilities/Koch Industries.md,KOCH INDUSTRIES EMPLOYEE GROUP,true,2020|2021|2022|2023|2024,true
936032678,ent_000404,Labor Unions,https://thedonormap.org/Donors%20&%20Power%20Networks/Dark%20Money/Labor%20Unions,content/Donors & Power Networks/Dark Money/Labor Unions.md,UNION LABOR RETIREMENT ASSOCIATION,true,2019|2020|2021|2022|2023,true
943269827,ent_000188,Larry Ellison,https://thedonormap.org/Donors%20&%20Power%20Networks/Mega-Donors/Larry%20Ellison,content/Donors & Power Networks/Mega-Donors/Larry Ellison.md,THE LARRY ELLISON FOUNDATION,true,2018|2019|2020|2022|2023|2024,true
521733698,ent_000096,League of Conservation Voters,https://thedonormap.org/Donors%20&%20Power%20Networks/Super%20PACs/League%20of%20Conservation%20Voters,content/Donors & Power Networks/Super PACs/League of Conservation Voters.md,LEAGUE OF CONSERVATION VOTERS INC,true,2018|2019|2020|2022|2023,true
203922378,ent_000356,Leidos,https://thedonormap.org/Donors%20&%20Power%20Networks/Defense%20&%20Intelligence/Leidos,content/Donors & Power Networks/Defense & Intelligence/Leidos.md,LEIDOS RELIEF FOUNDATION,true,2020|2021|2022|2023|2024,true
560946914,ent_000128,Lennar Corporation,https://thedonormap.org/Donors%20&%20Power%20Networks/Real%20Estate/Lennar%20Corporation,content/Donors & Power Networks/Real Estate/Lennar Corporation.md,NORTH LENOIR WATER CORPORATION,true,2018|2019|2020|2021|2022|2023|2024|2025,true
946107683,ent_000357,Lockheed Martin,https://thedonormap.org/Donors%20&%20Power%20Networks/Defense%20&%20Intelligence/Lockheed%20Martin,content/Donors & Power Networks/Defense & Intelligence/Lockheed Martin.md,,false,,true
921057815,ent_000097,MAGA Inc,https://thedonormap.org/Donors%20&%20Power%20Networks/Super%20PACs/MAGA%20Inc,content/Donors & Power Networks/Super PACs/MAGA Inc.md,MAGA ACTION INC,true,2023,true
833690373,ent_000407,Majority Forward,https://thedonormap.org/Donors%20&%20Power%20Networks/Dark%20Money/Majority%20Forward,content/Donors & Power Networks/Dark Money/Majority Forward.md,MAJORITY FORWARD,true,2021|2022|2023,true
464439930,ent_000320,Marathon Petroleum,https://thedonormap.org/Donors%20&%20Power%20Networks/Energy%20&%20Utilities/Marathon%20Petroleum,content/Donors & Power Networks/Energy & Utilities/Marathon Petroleum.md,Marathon Petroleum Foundation Inc,true,2020|2022,true
850784793,ent_000099,Marble Freedom Trust,https://thedonormap.org/Donors%20&%20Power%20Networks/Super%20PACs/Marble%20Freedom%20Trust,content/Donors & Power Networks/Super PACs/Marble Freedom Trust.md,Marble Freedom Trust,true,2021|2022|2023|2024,true
236224727,ent_000269,Mark Mellman,https://thedonormap.org/Donors%20&%20Power%20Networks/Israel%20Lobby/Mark%20Mellman,content/Donors & Power Networks/Israel Lobby/Mark Mellman.md,DREXEL MARY S TR UW FBOPEC,true,2021|2023|2024,true
474967720,ent_000024,MassMutual,https://thedonormap.org/Donors%20&%20Power%20Networks/Wall%20Street/MassMutual,content/Donors & Power Networks/Wall Street/MassMutual.md,MASSMUTUAL FOUNDATION INC,true,2018|2019|2020|2022|2023|2024,true
842588790,ent_000025,MBNA Corporation,https://thedonormap.org/Donors%20&%20Power%20Networks/Wall%20Street/MBNA%20Corporation,content/Donors & Power Networks/Wall Street/MBNA Corporation.md,,false,,true
453568592,ent_000408,Media Matters,https://thedonormap.org/Donors%20&%20Power%20Networks/Dark%20Money/Media%20Matters,content/Donors & Power Networks/Dark Money/Media Matters.md,LIFE MATTERS MEDIA,true,2018|2019|2020,true
541436224,ent_001501,Mercatus Center,https://thedonormap.org/Think%20Tanks%20&%20Policy%20Infrastructure/Conservative/Mercatus%20Center,content/Think Tanks & Policy Infrastructure/Conservative/Mercatus Center.md,Mercatus Center Inc,true,2018|2019|2020|2021|2022|2023|2024,true
226028476,ent_000146,Merck,https://thedonormap.org/Donors%20&%20Power%20Networks/Pharma%20&%20Healthcare/Merck,content/Donors & Power Networks/Pharma & Healthcare/Merck.md,MERCK COMPANY FOUNDATION,true,2020|2022|2023,true
680461871,ent_001488,Mercury Public Affairs,https://thedonormap.org/Lobbying%20Firms%20&%20K%20Street/Mercury%20Public%20Affairs,content/Lobbying Firms & K Street/Mercury Public Affairs.md,California Teamsters Public Affairs Council Public Affairs,true,2021|2022,true
916374992,ent_000061,Microsoft,https://thedonormap.org/Donors%20&%20Power%20Networks/Tech%20&%20Crypto/Microsoft,content/Donors & Power Networks/Tech & Crypto/Microsoft.md,MICROSOFT CHARITABLE TRUST,true,2020|2021|2023,true
871807181,ent_000147,Moderna,https://thedonormap.org/Donors%20&%20Power%20Networks/Pharma%20&%20Healthcare/Moderna,content/Donors & Power Networks/Pharma & Healthcare/Moderna.md,MODERNA CHARITABLE FOUNDATION INC,true,2021|2022,true
136155650,ent_000026,Morgan Stanley,https://thedonormap.org/Donors%20&%20Power%20Networks/Wall%20Street/Morgan%20Stanley,content/Donors & Power Networks/Wall Street/Morgan Stanley.md,MORGAN STANLEY FOUNDATION,true,2018|2019|2020|2022|2023|2024,true
527082731,ent_001519,Morgan Stanley Global Impact Funding Trust,https://thedonormap.org/Donors%20&%20Power%20Networks/Wall%20Street/Morgan%20Stanley%20Global%20Impact%20Funding%20Trust,content/Donors & Power Networks/Wall Street/Morgan Stanley Global Impact Funding Trust.md,MORGAN STANLEY GLOBAL IMPACT FUNDING,true,2020|2022,true
742553304,ent_000409,National Association of Manufacturers,https://thedonormap.org/Donors%20&%20Power%20Networks/Dark%20Money/National%20Association%20of%20Manufacturers,content/Donors & Power Networks/Dark Money/National Association of Manufacturers.md,National Association of Trailer,true,2018|2019|2020|2021|2022|2023|2024,true
361520690,ent_000131,National Association of Realtors,https://thedonormap.org/Donors%20&%20Power%20Networks/Real%20Estate/National%20Association%20of%20Realtors,content/Donors & Power Networks/Real Estate/National Association of Realtors.md,National Association of Realtors,true,2018|2019|2020|2022|2023,true
840738973,ent_000451,National Cattlemen's Beef Association,https://thedonormap.org/Donors%20&%20Power%20Networks/Agriculture/National%20Cattlemen's%20Beef%20Association,content/Donors & Power Networks/Agriculture/National Cattlemen's Beef Association.md,NATIONAL CATTLEMEN'S BEEF ASSOCIATION,true,2018|2019|2020|2021|2022|2023|2024,true
521127504,ent_000121,National Multifamily Housing Council,https://thedonormap.org/Donors%20&%20Power%20Networks/Real%20Estate%20&%20Housing/National%20Multifamily%20Housing%20Council,content/Donors & Power Networks/Real Estate & Housing/National Multifamily Housing Council.md,NATIONAL MULTIFAMILY HOUSING COUNCIL,true,2018|2019|2020|2021|2022|2023,true
271450491,ent_000251,National Nurses United,https://thedonormap.org/Donors%20&%20Power%20Networks/Labor%20Unions/National%20Nurses%20United,content/Donors & Power Networks/Labor Unions/National Nurses United.md,NATIONAL NURSES UNITED,true,2018|2019|2020|2021|2022|2023,true
237825575,ent_001482,National Philanthropic Trust,https://thedonormap.org/Donors%20&%20Power%20Networks/Wall%20Street/National%20Philanthropic%20Trust,content/Donors & Power Networks/Wall Street/National Philanthropic Trust.md,NATIONAL PHILANTHROPIC TRUST,true,2018|2019|2020|2021|2022|2023,true
474822520,ent_000122,National Rental Home Council,https://thedonormap.org/Donors%20&%20Power%20Networks/Real%20Estate%20&%20Housing/National%20Rental%20Home%20Council,content/Donors & Power Networks/Real Estate & Housing/National Rental Home Council.md,NATIONAL RENTAL HOME COUNCIL,true,2018|2019|2020|2021|2022|2023,true
361525480,ent_000118,National Restaurant Association,https://thedonormap.org/Donors%20&%20Power%20Networks/Restaurant%20&%20Food/National%20Restaurant%20Association,content/Donors & Power Networks/Restaurant & Food/National Restaurant Association.md,National Restaurant Association,true,2018|2019|2020|2022|2023|2024,true
351046434,ent_000101,National Rifle Association,https://thedonormap.org/Donors%20&%20Power%20Networks/Super%20PACs/National%20Rifle%20Association,content/Donors & Power Networks/Super PACs/National Rifle Association.md,NATIONAL MUZZZLE LOADING RIFLE,true,2018|2019|2020|2022|2023|2024,true
132654926,ent_001532,Natural Resources Defense Council,https://thedonormap.org/Donors%20&%20Power%20Networks/Dark%20Money/Natural%20Resources%20Defense%20Council,content/Donors & Power Networks/Dark Money/Natural Resources Defense Council.md,,false,,true
133191113,ent_001533,NEO Philanthropy,https://thedonormap.org/Donors%20&%20Power%20Networks/Dark%20Money/NEO%20Philanthropy,content/Donors & Power Networks/Dark Money/NEO Philanthropy.md,,false,,true
205806345,ent_000411,New Venture Fund,https://thedonormap.org/Donors%20&%20Power%20Networks/Dark%20Money/New%20Venture%20Fund,content/Donors & Power Networks/Dark Money/New Venture Fund.md,NEW VENTURE FUND,true,2018|2019|2020|2022|2023|2024,true
850803187,ent_000230,News Corp - Fox Corporation,https://thedonormap.org/Donors%20&%20Power%20Networks/Media%20&%20Entertainment/News%20Corp%20-%20Fox%20Corporation,content/Donors & Power Networks/Media & Entertainment/News Corp - Fox Corporation.md,,false,,true
650031452,ent_000321,NextEra Energy,https://thedonormap.org/Donors%20&%20Power%20Networks/Energy%20&%20Utilities/NextEra%20Energy,content/Donors & Power Networks/Energy & Utilities/NextEra Energy.md,NextEra Energy Foundation Inc,true,2020|2022|2023|2024,true
352841377,ent_000270,NORPAC,https://thedonormap.org/Donors%20&%20Power%20Networks/Israel%20Lobby/NORPAC,content/Donors & Power Networks/Israel Lobby/NORPAC.md,,false,,true
834011547,ent_001534,North Fund,https://thedonormap.org/Donors%20&%20Power%20Networks/Dark%20Money/North%20Fund,content/Donors & Power Networks/Dark Money/North Fund.md,,false,,true
956095343,ent_000358,Northrop Grumman,https://thedonormap.org/Donors%20&%20Power%20Networks/Defense%20&%20Intelligence/Northrop%20Grumman,content/Donors & Power Networks/Defense & Intelligence/Northrop Grumman.md,THE NORTHROP GRUMMAN FOUNDATION,true,2018|2019|2020|2022|2023|2024,true
237245152,ent_000412,Ocean Conservancy,https://thedonormap.org/Donors%20&%20Power%20Networks/Dark%20Money/Ocean%20Conservancy,content/Donors & Power Networks/Dark Money/Ocean Conservancy.md,Ocean Conservancy,true,2018|2019|2020|2021|2022|2023|2024,true
273554312,ent_000413,Ohio Democratic Party,https://thedonormap.org/Donors%20&%20Power%20Networks/Dark%20Money/Ohio%20Democratic%20Party,content/Donors & Power Networks/Dark Money/Ohio Democratic Party.md,,false,,true
113195338,ent_000271,One Israel Fund,https://thedonormap.org/Donors%20&%20Power%20Networks/Israel%20Lobby/One%20Israel%20Fund,content/Donors & Power Networks/Israel Lobby/One Israel Fund.md,ONE ISRAEL FUND LTD,true,2018|2019|2020|2022|2023|2024,true
271937961,ent_000102,One Nation,https://thedonormap.org/Donors%20&%20Power%20Networks/Super%20PACs/One%20Nation,content/Donors & Power Networks/Super PACs/One Nation.md,ONE NATION,true,2019|2020|2022|2023|2024,true
273743368,ent_000415,Open Society Foundations,https://thedonormap.org/Donors%20&%20Power%20Networks/Dark%20Money/Open%20Society%20Foundations,content/Donors & Power Networks/Dark Money/Open Society Foundations.md,OPEN MUSIC SOCIETY FOUNDATION,true,2018,true
810861541,ent_000064,OpenAI,https://thedonormap.org/Donors%20&%20Power%20Networks/Tech%20&%20Crypto/OpenAI,content/Donors & Power Networks/Tech & Crypto/OpenAI.md,OpenAI Inc,true,2017|2018|2019|2020|2022|2023|2024,true
455577678,ent_000065,Oracle,https://thedonormap.org/Donors%20&%20Power%20Networks/Tech%20&%20Crypto/Oracle,content/Donors & Power Networks/Tech & Crypto/Oracle.md,Oracle Piano Society,true,2020|2021|2022|2023,true
461827418,ent_000416,Organizing for Action,https://thedonormap.org/Donors%20&%20Power%20Networks/Dark%20Money/Organizing%20for%20Action,content/Donors & Power Networks/Dark Money/Organizing for Action.md,Organizing for Action,true,2018|2019,true
272009342,ent_000199,Paul Singer,https://thedonormap.org/Donors%20&%20Power%20Networks/Mega-Donors/Paul%20Singer,content/Donors & Power Networks/Mega-Donors/Paul Singer.md,THE PAUL E SINGER FOUNDATION,true,2018|2019|2020|2021|2022|2023|2024,true
136083839,ent_000149,Pfizer Inc.,https://thedonormap.org/Donors%20&%20Power%20Networks/Pharma%20&%20Healthcare/Pfizer,content/Donors & Power Networks/Pharma & Healthcare/Pfizer.md,THE PFIZER FOUNDATION INC,true,2020|2022|2023|2024,true
943358729,ent_000326,PG&E,https://thedonormap.org/Donors%20&%20Power%20Networks/Energy%20&%20Utilities/PG&E,content/Donors & Power Networks/Energy & Utilities/PG&E.md,The PG&amp;E Corporation Foundation,true,2019|2020|2022|2023|2024,true
201337481,ent_000325,PG&E - Pacific Gas and Electric,https://thedonormap.org/Donors%20&%20Power%20Networks/Energy%20&%20Utilities/PG&E%20-%20Pacific%20Gas%20and%20Electric,content/Donors & Power Networks/Energy & Utilities/PG&E - Pacific Gas and Electric.md,PG&amp;E Employees Community Fund,true,2019|2020|2022|2023,true
431985339,ent_000151,Pharmaceutical Industry,https://thedonormap.org/Donors%20&%20Power%20Networks/Pharma%20&%20Healthcare/Pharmaceutical%20Industry,content/Donors & Power Networks/Pharma & Healthcare/Pharmaceutical Industry.md,PHARMACEUTICAL INDUSTRY LABOR,true,2018|2019|2020|2021|2022|2023,true
530241211,ent_000152,PhRMA - Pharmaceutical Research and Manufacturers of America,https://thedonormap.org/Donors%20&%20Power%20Networks/Pharma%20&%20Healthcare/PhRMA,content/Donors & Power Networks/Pharma & Healthcare/PhRMA.md,PHARMACEUTICAL RESEARCH &amp; MANUFACTURERS,true,2018|2019|2020|2022|2023|2024,true
131644147,ent_001510,Planned Parenthood Federation of America,https://thedonormap.org/Donors%20&%20Power%20Networks/Dark%20Money/Planned%20Parenthood%20Federation%20of%20America,content/Donors & Power Networks/Dark Money/Planned Parenthood Federation of America.md,PLANNED PARENTHOOD FEDERATION OF AMERICA INC,true,2020|2021|2022,true
561858873,ent_000103,Preserve America,https://thedonormap.org/Donors%20&%20Power%20Networks/Super%20PACs/Preserve%20America,content/Donors & Power Networks/Super PACs/Preserve America.md,,false,,true
841989534,ent_001489,Prime Policy Group,https://thedonormap.org/Lobbying%20Firms%20&%20K%20Street/Prime%20Policy%20Group,content/Lobbying Firms & K Street/Prime Policy Group.md,California Policy Group,true,2020|2021|2022|2023,true
833099604,ent_000104,Priorities USA Action,https://thedonormap.org/Donors%20&%20Power%20Networks/Super%20PACs/Priorities%20USA%20Action,content/Donors & Power Networks/Super PACs/Priorities USA Action.md,ACTION TANK,true,2020|2021|2022|2023,true
043243004,ent_001535,Proteus Fund,https://thedonormap.org/Donors%20&%20Power%20Networks/Dark%20Money/Proteus%20Fund,content/Donors & Power Networks/Dark Money/Proteus Fund.md,,false,,true
951958142,ent_001496,RAND Corporation,https://thedonormap.org/Think%20Tanks%20&%20Policy%20Infrastructure/Centrist/RAND%20Corporation,content/Think Tanks & Policy Infrastructure/Centrist/RAND Corporation.md,THE RAND CORPORATION,true,2018|2019|2020|2021|2022|2023|2024,true
131201480,ent_000132,Real Estate Board of New York,https://thedonormap.org/Donors%20&%20Power%20Networks/Real%20Estate/Real%20Estate%20Board%20of%20New%20York,content/Donors & Power Networks/Real Estate/Real Estate Board of New York.md,THE REAL ESTATE BOARD OF,true,2018|2019|2020|2022|2023|2024,true
991696593,ent_000135,Real Estate Industry,https://thedonormap.org/Donors%20&%20Power%20Networks/Real%20Estate/Real%20Estate%20Industry,content/Donors & Power Networks/Real Estate/Real Estate Industry.md,,false,,true
521128863,ent_000136,Real Estate Roundtable,https://thedonormap.org/Donors%20&%20Power%20Networks/Real%20Estate/Real%20Estate%20Roundtable,content/Donors & Power Networks/Real Estate/Real Estate Roundtable.md,THE REAL ESTATE ROUNDTABLE INC,true,2019|2020|2021|2023|2024|2025,true
352129262,ent_001520,Renaissance Charitable Foundation,https://thedonormap.org/Donors%20&%20Power%20Networks/Wall%20Street/Renaissance%20Charitable%20Foundation,content/Donors & Power Networks/Wall Street/Renaissance Charitable Foundation.md,Renaissance Charitable Foundation Inc,true,2020|2022,true
521386172,ent_000272,Republican Jewish Coalition,https://thedonormap.org/Donors%20&%20Power%20Networks/Israel%20Lobby/Republican%20Jewish%20Coalition,content/Donors & Power Networks/Israel Lobby/Republican Jewish Coalition.md,REPUBLICAN JEWISH COALITION,true,2018|2019|2020|2022|2023|2024,true
956203844,ent_000239,Riverside Sheriffs Association,https://thedonormap.org/Donors%20&%20Power%20Networks/Law%20Enforcement/Riverside%20Sheriffs%20Association,content/Donors & Power Networks/Law Enforcement/Riverside Sheriffs Association.md,Riverside Sheriffs' Association,true,2018|2019|2020|2022|2023,true
133441066,ent_001529,Robin Hood Foundation,https://thedonormap.org/Donors%20&%20Power%20Networks/Wall%20Street/Robin%20Hood%20Foundation,content/Donors & Power Networks/Wall Street/Robin Hood Foundation.md,,false,,true
133615533,ent_001511,Rockefeller Philanthropy Advisors,https://thedonormap.org/Donors%20&%20Power%20Networks/Dark%20Money/Rockefeller%20Philanthropy%20Advisors,content/Donors & Power Networks/Dark Money/Rockefeller Philanthropy Advisors.md,ROCKEFELLER PHILANTHROPY ADVISORS INC,true,2020|2021|2022,true
237213592,ent_001506,Roosevelt Institute,https://thedonormap.org/Think%20Tanks%20&%20Policy%20Infrastructure/Liberal/Roosevelt%20Institute,content/Think Tanks & Policy Infrastructure/Liberal/Roosevelt Institute.md,THE ROOSEVELT INSTITUTE,true,2018|2020|2021|2022|2023|2024,true
831047727,ent_001480,Rule of Law Trust,https://thedonormap.org/Donors%20&%20Power%20Networks/Dark%20Money/Rule%20of%20Law%20Trust,content/Donors & Power Networks/Dark Money/Rule of Law Trust.md,Rule of Law Trust,true,2020|2022|2023|2024,true
933113620,ent_000106,Save America PAC,https://thedonormap.org/Donors%20&%20Power%20Networks/Super%20PACs/Save%20America%20PAC,content/Donors & Power Networks/Super PACs/Save America PAC.md,,false,,true
311640316,ent_001483,Schwab Charitable Fund,https://thedonormap.org/Donors%20&%20Power%20Networks/Wall%20Street/Schwab%20Charitable%20Fund,content/Donors & Power Networks/Wall Street/Schwab Charitable Fund.md,SCHWAB CHARITABLE FUND,true,2018|2019|2020|2021|2022|2023|2024,true
361760052,ent_000253,SEIU - Service Employees International Union,https://thedonormap.org/Donors%20&%20Power%20Networks/Labor%20Unions/SEIU%20-%20Service%20Employees%20International%20Union,content/Donors & Power Networks/Labor Unions/SEIU - Service Employees International Union.md,SERVICE EMPLOYEES INTERNATIONAL UNION,true,2018|2019|2020|2022|2023|2024,true
862883453,ent_000107,Senate Leadership Fund,https://thedonormap.org/Donors%20&%20Power%20Networks/Super%20PACs/Senate%20Leadership%20Fund,content/Donors & Power Networks/Super PACs/Senate Leadership Fund.md,COMMON SENSE LEADERSHIP FUND INC,true,2022|2023,true
824373804,ent_000109,Sentinel Action Fund,https://thedonormap.org/Donors%20&%20Power%20Networks/Super%20PACs/Sentinel%20Action%20Fund,content/Donors & Power Networks/Super PACs/Sentinel Action Fund.md,GROVE ACTION FUND,true,2018|2019|2020|2021|2022|2023|2024,true
886063073,ent_000212,Sheldon & Miriam Adelson,https://thedonormap.org/Donors%20&%20Power%20Networks/Mega-Donors/Sheldon%20Adelson,content/Donors & Power Networks/Mega-Donors/Sheldon Adelson.md,DR MIRIAM &amp; SHELDON G ADELSON,true,2018|2019|2020|2022|2023|2024,true
946069890,ent_001536,Sierra Club Foundation,https://thedonormap.org/Donors%20&%20Power%20Networks/Dark%20Money/Sierra%20Club%20Foundation,content/Donors & Power Networks/Dark Money/Sierra Club Foundation.md,,false,,true
205205488,ent_001521,Silicon Valley Community Foundation,https://thedonormap.org/Donors%20&%20Power%20Networks/Wall%20Street/Silicon%20Valley%20Community%20Foundation,content/Donors & Power Networks/Wall Street/Silicon Valley Community Foundation.md,Silicon Valley Community Foundation,true,2020|2022,true
330152369,ent_000068,Silicon Valley Donors,https://thedonormap.org/Donors%20&%20Power%20Networks/Tech%20&%20Crypto/Silicon%20Valley%20Donors,content/Donors & Power Networks/Tech & Crypto/Silicon Valley Donors.md,DONORS OF VALLEY ENDEAVORS,true,2019|2020|2021|2022|2023|2024|2025,true
911500276,ent_000231,Sinclair Broadcast Group,https://thedonormap.org/Donors%20&%20Power%20Networks/Media%20&%20Entertainment/Sinclair%20Broadcast%20Group,content/Donors & Power Networks/Media & Entertainment/Sinclair Broadcast Group.md,THE SINCLAIR BROADCAST DIVERSITY SCHOLARSHIP FUND,true,2020|2021|2022|2023,true
465691580,ent_000232,Sinclair Broadcasting Group,https://thedonormap.org/Donors%20&%20Power%20Networks/Media%20&%20Entertainment/Sinclair%20Broadcasting%20Group,content/Donors & Power Networks/Media & Entertainment/Sinclair Broadcasting Group.md,,false,,true
264486735,ent_000419,Sixteen Thirty Fund,https://thedonormap.org/Donors%20&%20Power%20Networks/Dark%20Money/Sixteen%20Thirty%20Fund,content/Donors & Power Networks/Dark Money/Sixteen Thirty Fund.md,SIXTEEN THIRTY FUND,true,2018|2019|2020|2022|2023,true
300749713,ent_000327,Southern Company,https://thedonormap.org/Donors%20&%20Power%20Networks/Energy%20&%20Utilities/Southern%20Company,content/Donors & Power Networks/Energy & Utilities/Southern Company.md,SOUTHERN SHAKESPEARE COMPANY INC,true,2021|2022|2023|2024|2025,true
873059688,ent_000069,SpaceX,https://thedonormap.org/Donors%20&%20Power%20Networks/Tech%20&%20Crypto/SpaceX,content/Donors & Power Networks/Tech & Crypto/SpaceX.md,Maker Space X,true,2023|2024,true
874117395,ent_000421,Sports Betting Alliance,https://thedonormap.org/Donors%20&%20Power%20Networks/Dark%20Money/Sports%20Betting%20Alliance,content/Donors & Power Networks/Dark Money/Sports Betting Alliance.md,SPORTS BETTING ALLIANCE,true,2022|2023|2024,true
912166417,ent_000422,Stand Together,https://thedonormap.org/Donors%20&%20Power%20Networks/Dark%20Money/Stand%20Together,content/Donors & Power Networks/Dark Money/Stand Together.md,Stand Together,true,2018|2019|2020|2022,true
273197768,ent_001524,Stand Together Foundation,https://thedonormap.org/Donors%20&%20Power%20Networks/Dark%20Money/Stand%20Together%20Foundation,content/Donors & Power Networks/Dark Money/Stand Together Foundation.md,,false,,true
911795425,ent_000119,Starbucks,https://thedonormap.org/Donors%20&%20Power%20Networks/Restaurant%20&%20Food/Starbucks,content/Donors & Power Networks/Restaurant & Food/Starbucks.md,The Starbucks Foundation,true,2018|2020|2021|2022|2023|2024,true
570952531,ent_001502,State Policy Network,https://thedonormap.org/Think%20Tanks%20&%20Policy%20Infrastructure/Conservative/State%20Policy%20Network,content/Think Tanks & Policy Infrastructure/Conservative/State Policy Network.md,STATE POLICY NETWORK,true,2018|2019|2020|2021|2022|2023|2024,true
842113822,ent_001537,States Newsroom,https://thedonormap.org/Donors%20&%20Power%20Networks/Media%20&%20Influence/States%20Newsroom,content/Donors & Power Networks/Media & Influence/States Newsroom.md,,false,,true
474634539,ent_000213,Stephen Schwarzman,https://thedonormap.org/Donors%20&%20Power%20Networks/Mega-Donors/Stephen%20Schwarzman,content/Donors & Power Networks/Mega-Donors/Stephen Schwarzman.md,STEPHEN A SCHWARZMAN FOUNDATION,true,2018|2020|2022|2023,true
940963930,ent_000254,Teamsters - International Brotherhood of Teamsters,https://thedonormap.org/Donors%20&%20Power%20Networks/Labor%20Unions/Teamsters%20-%20International%20Brotherhood%20of%20Teamsters,content/Donors & Power Networks/Labor Unions/Teamsters - International Brotherhood of Teamsters.md,INTERNATIONAL BROTHERHOOD OF TEAMSTERS,true,2018|2019|2020|2022|2023|2024,true
954538000,ent_000071,Tech Industry,https://thedonormap.org/Donors%20&%20Power%20Networks/Tech%20&%20Crypto/Tech%20Industry,content/Donors & Power Networks/Tech & Crypto/Tech Industry.md,SEAFARERS INTERNATIONAL UNION OF IUPTW,true,2018|2019|2020|2022|2023|2024,true
742873537,ent_000286,Tenet Healthcare,https://thedonormap.org/Donors%20&%20Power%20Networks/Healthcare/Tenet%20Healthcare,content/Donors & Power Networks/Healthcare/Tenet Healthcare.md,Tenet Healthcare Foundation,true,2020|2022|2023,true
202466871,ent_000423,The 85 Fund,https://thedonormap.org/Donors%20&%20Power%20Networks/Dark%20Money/The%2085%20Fund,content/Donors & Power Networks/Dark Money/The 85 Fund.md,The 85 Fund,true,2020|2022|2023,true
464950751,ent_001525,The Barack Obama Foundation,https://thedonormap.org/Donors%20&%20Power%20Networks/Dark%20Money/The%20Barack%20Obama%20Foundation,content/Donors & Power Networks/Dark Money/The Barack Obama Foundation.md,,false,,true
202303252,ent_001481,The Concord Fund,https://thedonormap.org/Donors%20&%20Power%20Networks/Dark%20Money/The%20Concord%20Fund,content/Donors & Power Networks/Dark Money/The Concord Fund.md,The Concord Fund,true,2019|2021|2022|2023,true
463508366,ent_001526,The Seminar Network,https://thedonormap.org/Donors%20&%20Power%20Networks/Dark%20Money/The%20Seminar%20Network,content/Donors & Power Networks/Dark Money/The Seminar Network.md,,false,,true
201734070,ent_001497,Third Way,https://thedonormap.org/Think%20Tanks%20&%20Policy%20Infrastructure/Centrist/Third%20Way,content/Think Tanks & Policy Infrastructure/Centrist/Third Way.md,THIRD WAY,true,2018|2019|2020|2021|2022|2023,true
134037377,ent_000137,Tisch Family,https://thedonormap.org/Donors%20&%20Power%20Networks/Real%20Estate/Tisch%20Family,content/Donors & Power Networks/Real Estate/Tisch Family.md,THE STEVE TISCH FAMILY FOUNDATION,true,2020|2022|2023|2024,true
800835023,ent_000424,TPUSA - Turning Point USA,https://thedonormap.org/Donors%20&%20Power%20Networks/Dark%20Money/TPUSA%20-%20Turning%20Point%20USA,content/Donors & Power Networks/Dark Money/TPUSA - Turning Point USA.md,TURNING POINT USA INC,true,2018|2019|2020|2021|2022|2023,true
371064396,ent_000425,Trial Lawyers Fund,https://thedonormap.org/Donors%20&%20Power%20Networks/Dark%20Money/Trial%20Lawyers%20Fund,content/Donors & Power Networks/Dark Money/Trial Lawyers Fund.md,Illinois Trial Lawyers Education Fund,true,2018|2019|2020|2021|2022|2023|2024|2025,true
363550786,ent_000427,Trump Donor Coalition,https://thedonormap.org/Donors%20&%20Power%20Networks/Dark%20Money/Trump%20Donor%20Coalition,content/Donors & Power Networks/Dark Money/Trump Donor Coalition.md,,false,,true
476014039,ent_000452,Tyson Foods,https://thedonormap.org/Donors%20&%20Power%20Networks/Agriculture/Tyson%20Foods,content/Donors & Power Networks/Agriculture/Tyson Foods.md,TYSON FOODS FOUNDATION INC,true,2020|2021,true
340200249,ent_000255,UAW - United Auto Workers,https://thedonormap.org/Donors%20&%20Power%20Networks/Labor%20Unions/UAW%20-%20United%20Auto%20Workers,content/Donors & Power Networks/Labor Unions/UAW - United Auto Workers.md,INTERNATIONAL UNION UNITED AUTO AEROSPACE &amp; AGRICULTUREAL WORKERS 856 UAW,true,2021|2022|2023,true
884207935,ent_000296,Uber,https://thedonormap.org/Donors%20&%20Power%20Networks/Gig%20Economy/Uber,content/Donors & Power Networks/Gig Economy/Uber.md,Casa Uber Ales,true,2024,true
201130122,ent_000256,UFCW - United Food and Commercial Workers,https://thedonormap.org/Donors%20&%20Power%20Networks/Labor%20Unions/UFCW%20-%20United%20Food%20and%20Commercial%20Workers,content/Donors & Power Networks/Labor Unions/UFCW - United Food and Commercial Workers.md,United Food and Commercial Workers International Union UFCW Local 540 &amp; Exc,true,2018|2019|2020|2022|2023,true
352455960,ent_000257,UNITE HERE,https://thedonormap.org/Donors%20&%20Power%20Networks/Labor%20Unions/UNITE%20HERE,content/Donors & Power Networks/Labor Unions/UNITE HERE.md,,false,,true
420606689,ent_000219,United Auto Workers,https://thedonormap.org/Donors%20&%20Power%20Networks/Mega-Donors/United%20Auto%20Workers,content/Donors & Power Networks/Mega-Donors/United Auto Workers.md,International Union United Auto Workers Local 450,true,2020|2021|2022|2023,true
941448579,ent_000258,United Farm Workers,https://thedonormap.org/Donors%20&%20Power%20Networks/Labor%20Unions/United%20Farm%20Workers,content/Donors & Power Networks/Labor Unions/United Farm Workers.md,United Farm Workers of America,true,2018|2019|2020|2022|2023|2024,true
520880375,ent_001507,Urban Institute,https://thedonormap.org/Think%20Tanks%20&%20Policy%20Infrastructure/Liberal/Urban%20Institute,content/Think Tanks & Policy Infrastructure/Liberal/Urban Institute.md,The Urban Institute,true,2018|2019|2020|2021|2022|2023,true
461561597,ent_000428,US Chamber of Commerce,https://thedonormap.org/Donors%20&%20Power%20Networks/Dark%20Money/US%20Chamber%20of%20Commerce,content/Donors & Power Networks/Dark Money/US Chamber of Commerce.md,US Chamber of Commerce Foundation,true,2018|2019|2020|2022|2023|2024,true
742904514,ent_000328,Valero Energy,https://thedonormap.org/Donors%20&%20Power%20Networks/Energy%20&%20Utilities/Valero%20Energy,content/Donors & Power Networks/Energy & Utilities/Valero Energy.md,VALERO ENERGY FOUNDATION,true,2020|2021|2022|2023|2024,true
232888152,ent_001522,Vanguard Charitable Endowment Program,https://thedonormap.org/Donors%20&%20Power%20Networks/Wall%20Street/Vanguard%20Charitable%20Endowment%20Program,content/Donors & Power Networks/Wall Street/Vanguard Charitable Endowment Program.md,Vanguard Charitable Endowment Program,true,2021|2022,true
133319048,ent_000234,Verizon,https://thedonormap.org/Donors%20&%20Power%20Networks/Media%20&%20Entertainment/Verizon,content/Donors & Power Networks/Media & Entertainment/Verizon.md,VERIZON FOUNDATION,true,2020|2022|2023,true
223419667,ent_001512,Vital Strategies,https://thedonormap.org/Donors%20&%20Power%20Networks/Dark%20Money/Vital%20Strategies,content/Donors & Power Networks/Dark Money/Vital Strategies.md,VITAL STRATEGIES INC,true,2020|2022,true
710569421,ent_000035,Walmart,https://thedonormap.org/Donors%20&%20Power%20Networks/Wall%20Street/Walmart,content/Donors & Power Networks/Wall Street/Walmart.md,WALMART INC,true,2019|2020|2021|2022|2023|2024,true
956037079,ent_000235,Walt Disney Company,https://thedonormap.org/Donors%20&%20Power%20Networks/Media%20&%20Entertainment/Walt%20Disney%20Company,content/Donors & Power Networks/Media & Entertainment/Walt Disney Company.md,THE WALT DISNEY COMPANY FOUNDATION,true,2018|2019|2021|2022|2023|2024,true
472066714,ent_000340,Walton Family Foundation,https://thedonormap.org/Donors%20&%20Power%20Networks/Education/Walton%20Family%20Foundation,content/Donors & Power Networks/Education/Walton Family Foundation.md,WALTON FAMILY FOUNDATION,true,2018|2020|2021|2022|2023,true
411367441,ent_000036,Wells Fargo,https://thedonormap.org/Donors%20&%20Power%20Networks/Wall%20Street/Wells%20Fargo,content/Donors & Power Networks/Wall Street/Wells Fargo.md,WELLS FARGO FOUNDATION,true,2020|2021|2022|2023,true
751972150,ent_000453,Western Growers Association,https://thedonormap.org/Donors%20&%20Power%20Networks/Agriculture/Western%20Growers%20Association,content/Donors & Power Networks/Agriculture/Western Growers Association.md,WESTERN PEANUT GROWERS',true,2018|2019|2020|2022|2023|2024|2025,true
237413843,ent_000330,Williams Companies,https://thedonormap.org/Donors%20&%20Power%20Networks/Energy%20&%20Utilities/Williams%20Companies,content/Donors & Power Networks/Energy & Utilities/Williams Companies.md,WILLIAMS COMPANIES FOUNDATON INC,true,2020|2022|2023|2024,true
451839927,ent_000115,WinRed,https://thedonormap.org/Donors%20&%20Power%20Networks/Super%20PACs/WinRed,content/Donors & Power Networks/Super PACs/WinRed.md,,false,,true
813552287,ent_000078,World Liberty Financial,https://thedonormap.org/Donors%20&%20Power%20Networks/Tech%20&%20Crypto/World%20Liberty%20Financial,content/Donors & Power Networks/Tech & Crypto/World Liberty Financial.md,,false,,true
950596680,ent_000331,WSPA - Western States Petroleum Association,https://thedonormap.org/Donors%20&%20Power%20Networks/Energy%20&%20Utilities/WSPA%20-%20Western%20States%20Petroleum%20Association,content/Donors & Power Networks/Energy & Utilities/WSPA - Western States Petroleum Association.md,WESTERN STATES PETROLEUM ASSOCIATION,true,2018|2019|2020|2022|2023|2024,true
